{
  "id": 62,
  "parentId": 59,
  "settings": {
    "name": "Pink end"
  },
  "order": 5,
  "components": [
    {
      "data": {
        "type": "de.fabmax.kool.editor.data.TransformComponentData",
        "transform": {
          "position": {
            "x": -3.0,
            "y": 8.0,
            "z": 1.4809999465942383
          },
          "rotation": {
            "x": 0.0,
            "y": 0.0,
            "z": 0.0,
            "w": 1.0
          },
          "scale": {
            "x": 1.0,
            "y": 1.0,
            "z": 1.0
          }
        }
      },
      "displayOrder": 0
    }
  ]
}