{
  "id": 43,
  "parentId": 40,
  "settings": {
    "name": "Box 14"
  },
  "order": 3,
  "components": [
    {
      "data": {
        "type": "de.fabmax.kool.editor.data.MeshComponentData",
        "shapes": [
          {
            "type": "de.fabmax.kool.editor.data.ShapeData.Box",
            "size": {
              "x": 3.0,
              "y": 0.25,
              "z": 3.0
            }
          }
        ]
      },
      "displayOrder": 1
    },
    {
      "data": {
        "type": "de.fabmax.kool.editor.data.MaterialReferenceComponentData",
        "materialId": 52
      },
      "displayOrder": 2
    },
    {
      "data": {
        "type": "de.fabmax.kool.editor.data.TransformComponentData",
        "transform": {
          "position": {
            "x": 0.0026602745056152344,
            "y": 8.0,
            "z": 0.0047245025634765625
          },
          "rotation": {
            "x": 6.938893903907228E-18,
            "y": 0.0,
            "z": 0.0,
            "w": 1.0
          },
          "scale": {
            "x": 0.9999999403953552,
            "y": 0.9999999403953552,
            "z": 1.0
          }
        }
      },
      "displayOrder": 0
    },
    {
      "data": {
        "type": "de.fabmax.kool.editor.data.RigidActorComponentData"
      },
      "displayOrder": 3
    }
  ]
}