{
  "id": 20,
  "parentId": 5,
  "settings": {
    "name": "Pink"
  },
  "order": 3,
  "components": [
    {
      "data": {
        "type": "de.fabmax.kool.editor.data.MaterialComponentData",
        "name": "Pink",
        "shaderData": {
          "type": "de.fabmax.kool.editor.data.PbrShaderData",
          "baseColor": {
            "type": "de.fabmax.kool.editor.data.ConstColorAttribute",
            "color": {
              "r": 0.730807,
              "g": 0.0028061299,
              "b": 0.32738853,
              "a": 1.0
            }
          },
          "roughness": {
            "type": "de.fabmax.kool.editor.data.ConstValueAttribute",
            "value": 0.5
          },
          "metallic": {
            "type": "de.fabmax.kool.editor.data.ConstValueAttribute",
            "value": 0.0
          },
          "emission": {
            "type": "de.fabmax.kool.editor.data.ConstColorAttribute",
            "color": {
              "r": 0.0,
              "g": 0.0,
              "b": 0.0,
              "a": 1.0
            }
          }
        }
      }
    },
    {
      "data": {
        "type": "de.fabmax.kool.editor.data.TransformComponentData"
      }
    }
  ]
}