{
  "id": 12,
  "parentId": 5,
  "settings": {
    "name": "Purple"
  },
  "order": 2,
  "components": [
    {
      "data": {
        "type": "de.fabmax.kool.editor.data.MaterialComponentData",
        "name": "Purple",
        "shaderData": {
          "type": "de.fabmax.kool.editor.data.PbrShaderData",
          "baseColor": {
            "type": "de.fabmax.kool.editor.data.ConstColorAttribute",
            "color": {
              "r": 0.1614875,
              "g": 0.03306905,
              "b": 0.5384727,
              "a": 1.0
            }
          },
          "roughness": {
            "type": "de.fabmax.kool.editor.data.ConstValueAttribute",
            "value": 0.5
          },
          "metallic": {
            "type": "de.fabmax.kool.editor.data.ConstValueAttribute",
            "value": 0.0
          },
          "emission": {
            "type": "de.fabmax.kool.editor.data.ConstColorAttribute",
            "color": {
              "r": 0.0,
              "g": 0.0,
              "b": 0.0,
              "a": 1.0
            }
          }
        }
      }
    },
    {
      "data": {
        "type": "de.fabmax.kool.editor.data.TransformComponentData"
      }
    }
  ]
}