{
  "id": 44,
  "parentId": 39,
  "settings": {
    "name": "Box 15"
  },
  "components": [
    {
      "data": {
        "type": "de.fabmax.kool.editor.data.MeshComponentData",
        "shapes": [
          {
            "type": "de.fabmax.kool.editor.data.ShapeData.Box",
            "size": {
              "x": 0.3,
              "y": 0.2,
              "z": 1.0
            }
          }
        ]
      },
      "displayOrder": 1
    },
    {
      "data": {
        "type": "de.fabmax.kool.editor.data.MaterialReferenceComponentData",
        "materialId": 49
      },
      "displayOrder": 2
    },
    {
      "data": {
        "type": "de.fabmax.kool.editor.data.TransformComponentData",
        "transform": {
          "position": {
            "x": 0.0,
            "y": -0.15000001192092896,
            "z": -0.8999996185302734
          },
          "rotation": {
            "x": 0.0,
            "y": 0.0,
            "z": 0.0,
            "w": 1.0
          },
          "scale": {
            "x": 1.0,
            "y": 1.0,
            "z": 1.0
          }
        }
      },
      "displayOrder": 0
    }
  ]
}